USER_ID;TRACK_ID;NAME;ARTIST;Acousticness;Danceability;Duration_Ms;Energy;Instrumentalness;Key;Liveness;Loudness;Mode;Speechiness;Tempo;Time_Signature;Valence;Like
No_Autorization;3lE8RY6yZoGqqJeZS06u6J;Где нас нет;Oxxxymiron;0,0764;0,55;265909;0,958;0;5;0,305;-2,691;1;0,48;176,03;4;0,279;0
No_Autorization;1uakmd92PCdne5EliFZlJk;Бесконечный магазин;Husky;0,00739;0,79;157225;0,693;3,49E-05;8;0,312;-7,578;1;0,21;100,05;4;0,544;0
No_Autorization;2lsnSNvmUPVePM94SI2a6P;ЧЕТВЁРТЫЙ ВСАДНИК;FACE;0,0636;0,835;157687;0,62;0;8;0,109;-3,669;1;0,347;160,044;4;0,519;0
No_Autorization;2kxq1hU7lKp9Gg5wPsSyeX;Всё как у людей;Noize MC;0,0638;0,462;256552;0,859;0;11;0,211;-5,18;0;0,305;79,822;4;0,633;0
No_Autorization;75KuKb4MD8rOdvo28X1uOw;Река;Ассаи feat. Иван Дорн;0,76;0,459;271587;0,392;0,00156;1;0,186;-8,869;0;0,309;68,229;3;0,46;0
No_Autorization;3pgHuvg77uYYmSTwZEwj5t;Биография;Krovostok;0,269;0,635;193947;0,338;2,52E-06;10;0,111;-13,674;0;0,728;167,103;4;0,3;0
No_Autorization;6GoRYFOMWoBNOKLwvuMdC3;B.I.D;Markul;0,702;0,699;192891;0,671;0;7;0,125;-7,213;0;0,244;140,879;4;0,386;0
No_Autorization;72E5vcZpCTi84SWYvooTRH;оранжевая песня;zavet;0,332;0,514;147771;0,812;0;8;0,1;-5,918;1;0,297;175,259;4;0,34;0
No_Autorization;5vsXtB67Zc2Hd5cTUXOLWq;Utopia;Miyagi & Andy Panda;0,443;0,547;209281;0,794;1,71E-05;7;0,144;-7,332;0;0,322;150,005;4;0,404;0
No_Autorization;0QOiEQHCuDkeKJ18NP5ZT0;Идеальный пациент (1 часть);RAM;0,00627;0,627;168250;0,815;0;5;0,704;-5,92;1;0,144;77,033;4;0,735;0
No_Autorization;5b9fy0wOl589N1Va18AMWV;Поэма о Родине;Husky;0,226;0,907;162273;0,622;0,116;1;0,0734;-9,711;1;0,337;87,958;4;0,738;0
No_Autorization;3NEIAYqjHJESrwyUZNz6Kr;Любовь;Dolphin;0,00278;0,621;259413;0,903;0,08;11;0,184;-7,694;0;0,0396;125,984;4;0,911;0
No_Autorization;0KxUfZO06jaBB2I5HQt8Ru;экзистенциальное поражение;ночные грузчики;0,572;0,742;224052;0,853;0;0;0,15;-8,592;1;0,0798;120,095;4;0,682;0
No_Autorization;3IR4OVoizWSzEnlt3YQNdL;Священный рэйв;ATL;0,295;0,687;198857;0,934;0;7;0,321;-5,068;1;0,138;140,072;4;0,758;0
No_Autorization;31yx0tNcuafs1yrAqD8cXK;Молитва;Meyti;0,0457;0,772;214000;0,75;0;10;0,172;-4,894;0;0,198;120,037;4;0,291;0
No_Autorization;2mnDbzoCqXYXOAXBhscMp9;Романс для Анны;Шым;0,0354;0,741;190528;0,788;0,0841;9;0,131;-5,374;1;0,119;86,712;4;0,423;0
No_Autorization;6dYXU1aDwRLs9K3bG8BhA1;17/32;ночные грузчики;0,0524;0,336;260052;0,478;0,688;0;0,0899;-11,546;1;0,0904;137,835;3;0,0357;0
No_Autorization;4ZGjWwVcrS0yGkHpz9UHIW;Космос;Skryptonite;0,48;0,498;227691;0,492;2,49E-06;0;0,528;-12,353;0;0,184;77,747;4;0,55;0
No_Autorization;1Sh3BZwxWAU04hrGRjB1Vx;26.04;Noize MC;0,203;0,685;229693;0,766;0;7;0,13;-6,441;1;0,277;162,946;4;0,631;0
No_Autorization;0IRiz2sGHDwx0g20xsnPw4;Переплетено;Oxxxymiron;0,435;0,643;291152;0,764;0;11;0,289;-5,686;0;0,401;101,25;4;0,433;0
No_Autorization;6wFWsmyG4D2Mte0iWbqiYr;Черным-черно;Husky;0,1;0,702;189913;0,695;0;8;0,637;-8,882;1;0,191;115,014;4;0,724;0
No_Autorization;3haUHC29mCGK6MrREqbONc;Плак-Плак;IC3PEAK;0,344;0,519;203500;0,658;0;5;0,15;-8,928;1;0,121;158,275;4;0,224;0
No_Autorization;46qKabMp8OrK3RyBApqidK;Спасибо подзарядке;Triagrutrika;0,468;0,666;254307;0,459;0;11;0,747;-9,276;1;0,126;85,563;4;0,845;0
No_Autorization;7sERntDVQtKm2AxAzwsW8H;Майор паранойя;2H Company;0,0114;0,621;170827;0,653;0;1;0,0281;-10,493;1;0,43;93,471;4;0,941;0
No_Autorization;1dAMZFBHt4aXnf1RjajXQO;Радиосигналы;Kasta;0,112;0,706;224561;0,789;0;7;0,131;-5,621;0;0,197;91,111;4;0,326;0
No_Autorization;2SounzDYOiR79ayEF7JfOA;Сука Любовь;Mikhey and Jumanji;0,415;0,694;295427;0,592;2,82E-05;0;0,089;-8,522;1;0,236;170,079;4;0,727;0
No_Autorization;571md1FedFYFaYUMUktYaF;ЮМОРИСТ - Original Motion Picture Soundtrack;FACE;0,058;0,842;143377;0,7;7,54E-06;9;0,48;-7,567;1;0,294;153,969;4;0,846;0
No_Autorization;3OMuSz7W5MFNmL5VkoQ76n;Лифт;Assai;0,22;0,706;217387;0,594;0;9;0,0894;-7,954;0;0,379;90,395;4;0,314;0
No_Autorization;3XTHWfZfepkM3waR16dnCa;Серебро;Dolphin;0,143;0,682;241227;0,504;0,479;2;0,203;-13,357;0;0,0345;129,972;4;0,617;0
No_Autorization;4rl2IndnlrZ6x0mHTJbSII;начистоту;ночные грузчики;0,698;0,635;338336;0,422;0,473;0;0,109;-15,125;1;0,14;119,592;4;0,311;0
No_Autorization;01nbzlp0XwqUabzKHlKpW0;ДЖЕДАИ;КИРПИЧИ;0,0126;0,813;211813;0,569;1,57E-06;11;0,22;-6,367;0;0,344;90,998;4;0,251;0
No_Autorization;5dtOmL3MyRZMKKQsAo2oTp;Антигерой;Mnogoznaal;0,629;0,736;130899;0,799;0,309;9;0,251;-4,603;0;0,0352;103,033;4;0,522;0
No_Autorization;3p9Ir7whIz9ze78VRmywlz;Архитектор;ATL;0,125;0,748;145846;0,595;2,14E-06;5;0,109;-7,046;0;0,0717;130,043;4;0,178;0
No_Autorization;2Z9J5uM5vr6mYGVP6hMOwI;Сказка;IC3PEAK;0,121;0,688;165455;0,573;0,057;11;0,159;-8,983;1;0,052;131,984;4;0,206;0
No_Autorization;5ItgyMh9oyzMKkDjH2EMpK;Юрик Паршев;Krovostok;0,159;0,79;229373;0,526;0;10;0,152;-14,026;0;0,49;95,886;4;0,901;0
No_Autorization;6heHgVgFclP45j1LX5vmtd;Fata Morgana;Markul;0,274;0,72;183094;0,635;0;2;0,135;-6,349;1;0,0714;96,993;4;0,132;0
No_Autorization;0Gp16jCz0LtDkdLt3tUQ1J;Феномен;bollywoodFM;0,011;0,926;211751;0,416;0,00901;1;0,114;-11,679;1;0,321;141,995;4;0,145;0
No_Autorization;3tnTyTiwOu0oiMqb7HdJNr;Осень;Дубовый Гаайъ;0,000233;0,587;336840;0,494;0,902;1;0,309;-11,697;1;0,0298;139,155;4;0,254;0
No_Autorization;4kRIj4qC6LRGqcitdhkBja;Босанова;Basta;0,496;0,82;205680;0,561;0,000434;3;0,0651;-7,07;0;0,276;89,986;4;0,643;0
No_Autorization;2qFbvcFsaL7Fgk7o2X4Drf;Гостиница Космос;Mnogoznaal;0,242;0,635;141031;0,911;0,00325;1;0,694;-4,682;1;0,11;149,93;4;0,382;0
No_Autorization;5NqhAFTgPTsxhm7kDhfVCw;Вокруг Шум;Kasta;0,0344;0,765;215680;0,795;0;9;0,327;-3,983;0;0,267;95,776;4;0,629;0
No_Autorization;71hUNAiuvPyzaQGVYQtqlF;Fire Man;MiyaGi & Endspiel;0,196;0,586;217442;0,874;0;4;0,0974;-7,264;0;0,0362;90,027;4;0,912;0
No_Autorization;40FJaSjTBdsIJ0upyx4Vjn;Урбан;Basta;0,0528;0,84;252720;0,704;0;4;0,321;-5,124;0;0,256;92,023;4;0,545;0
No_Autorization;0XSxhXEd9Ery8eXsfuHt1u;Серпантин;Markul;0,0154;0,727;186654;0,747;5,85E-06;11;0,106;-6,506;0;0,112;160,043;4;0,42;0
No_Autorization;2RIT8c120eYHcg38tBuVTj;Табор уходит в небо;Kaspiyskiy Gruz;0,096;0,501;208862;0,362;2,71E-06;2;0,149;-10,166;1;0,135;78,732;4;0,151;0
No_Autorization;2Z0OcpA4i1KayJbXn800le;Чистый - OST «Псих»;Skryptonite;0,292;0,573;193747;0,441;0;1;0,217;-9,505;0;0,404;77,843;4;0,145;0
No_Autorization;0jsFafckbVIDaq7Ubi0yTX;На юг;Rem Digga;0,705;0,831;246703;0,531;0;6;0,128;-8,865;0;0,0855;119,982;4;0,193;0
No_Autorization;26ndggQsCA87zuQwzpgyQE;Мама, я люблю;Anacondaz;0,138;0,739;225080;0,88;1,55E-06;2;0,632;-6,731;1;0,0751;92,99;4;0,581;0
No_Autorization;6XnMF5eUvYLUani6VKlgOC;Будущие мамы;Лигалайз;0,253;0,409;250773;0,8;0,000106;1;0,349;-6,047;1;0,2;122,102;5;0,623;0
No_Autorization;7DJFOGMV1w9Tayr40V22x4;Девочка;SLIMUS;0,0524;0,45;227375;0,956;0;4;0,432;-6,723;0;0,257;162,023;4;0,639;0
No_Autorization;5iV7aVAPYkjSCG8CXpbmSl;Тем кто с нами;AK-47;0,812;0,701;453565;0,576;0,000103;1;0,635;-6,727;1;0,44;83,836;4;0,655;0
No_Autorization;2OFSx8o9WUvd6zMRlpAhHk;Щемит в душе тоска...;Mnogotochie;0,0135;0,809;229347;0,731;2,69E-05;10;0,347;-6,997;0;0,172;89,996;4;0,601;0
No_Autorization;3lE8RY6yZoGqqJeZS06u6J;Где нас нет;Oxxxymiron;0,0764;0,55;265909;0,958;0;5;0,305;-2,691;1;0,48;176,03;4;0,279;0
No_Autorization;0bhFmbqYNTWsRycbyxlC8H;Марабу;ATL;0,153;0,551;173354;0,808;0;0;0,131;-3,991;1;0,294;80,719;4;0,41;0
No_Autorization;6yQVHKPB2U3kMYBd5RLlOj;Сладкий туман;Smoky Mo;0,178;0,527;231000;0,673;0;9;0,089;-7,114;0;0,53;172,269;4;0,501;0
No_Autorization;2b5Fq8pe5UI6pYRGMv0wNn;Мультибрендовый;Skryptonite;0,0404;0,761;272147;0,865;1,56E-05;4;0,335;-5,421;0;0,282;157,981;4;0,728;0
No_Autorization;3f8p3JwtEURcHlkrug8One;Веру не дам;Rem Digga;0,437;0,601;266612;0,728;0;1;0,126;-7,155;0;0,438;79,462;4;0,686;0
No_Autorization;4SUpPTdkAOoklM62WgkZCg;KONSTRUKT;PORCHY;0,115;0,845;481951;0,819;0;8;0,176;-4,83;1;0,143;122,961;4;0,537;0
No_Autorization;5DnLVleYgwSIo6z4gSpV2m;Последний раз;Мальчишник;0,228;0,638;336813;0,659;0,0749;9;0,693;-9,658;0;0,0325;149,61;4;0,217;0
No_Autorization;3vCjsNnZ2yqkCj2N68A5SD;Это нормально;T-killah;0,131;0,87;196307;0,628;0;0;0,4;-4,739;1;0,164;99,06;4;0,712;0
No_Autorization;7MIa5i5Q7kQrrfYKvwnWZ0;НЕ ЖАЛЬ;ogat;0,21;0,446;225093;0,436;0,0739;4;0,158;-9,004;1;0,157;146,468;4;0,14;0
No_Autorization;6heHgVgFclP45j1LX5vmtd;Fata Morgana;Markul;0,274;0,72;183094;0,635;0;2;0,135;-6,349;1;0,0714;96,993;4;0,132;0
No_Autorization;2sgyUEjvzSW0l6NgFBZ4Dt;Танцуйте;ATL;0,0614;0,701;220800;0,793;1,13E-06;11;0,0736;-5,737;0;0,178;100,113;4;0,516;0
No_Autorization;2ZTwEA73OreT35Nm0mjCkj;Медина;Jah Khalib;0,344;0,799;222292;0,576;0,00297;1;0,101;-5,987;0;0,0476;88,004;4;0,259;0
No_Autorization;1dAMZFBHt4aXnf1RjajXQO;Радиосигналы;Kasta;0,112;0,706;224561;0,789;0;7;0,131;-5,621;0;0,197;91,111;4;0,326;0
No_Autorization;1GOiMxQXZUzjzH0Sxpck0B;Дежавю;kizaru;0,0186;0,801;173725;0,591;0;2;0,108;-5,18;1;0,143;87,509;4;0,231;0
No_Autorization;5rwsJbBNa8SfPW4oFA1GjP;I Got Love;MiyaGi & Endspiel;0,146;0,665;276688;0,872;0;5;0,15;-4,361;1;0,199;106,035;4;0,233;0
No_Autorization;78xbF0AdOj3UglWCU2D2bk;Биг сити лайф;Triagrutrika;0,439;0,723;255480;0,39;0;8;0,167;-12,835;1;0,684;82,818;4;0,914;0
No_Autorization;50LNnY2CYoBycgDoyaUst6;Письмо домой;GUF;0,415;0,502;277507;0,586;0,00598;11;0,118;-9,817;0;0,325;83,419;4;0,309;0
No_Autorization;5PfJZqMbH0NZjhI2i9fHuW;Captain;MiyaGi;0,831;0,413;214282;0,612;0;5;0,0654;-9,391;0;0,121;158,195;5;0,638;0
No_Autorization;02ZNcMtFpToVAlirwhNxS0;Худший друг;Markul;0,186;0,706;183391;0,813;0;11;0,123;-5,621;0;0,0321;110,003;4;0,287;0
No_Autorization;0IW8l5L0GZetXw1FywhiqH;САХАРНЫЙ ЧЕЛОВЕК (PROD. BY SWIFTNESS2H);GONE.Fludd;0,279;0,587;165548;0,614;0;6;0,109;-6,791;0;0,601;122,817;4;0,598;0
No_Autorization;3Y6FXwWS2zRZWdXsH3nfk9;Астронавт;ATL;0,478;0,549;177231;0,868;0,000922;3;0,108;-5,466;0;0,294;129,748;4;0,582;0
No_Autorization;7grLWbFAiMKmdrGyxG0SKb;Качели;Centr;0,353;0,627;297707;0,728;0,000205;1;0,0899;-9,034;1;0,408;175,827;4;0,638;0
No_Autorization;0eou4g499YFO8jSxYQjvFH;РАТАТАТАТА;MORGENSHTERN;0,00959;0,938;118261;0,783;0,0024;1;0,259;-5,507;1;0,305;137,978;4;0,856;0
No_Autorization;6x4VxcplTRX4tZDNnpXS2Z;Монетка;LSP;0,283;0,849;200418;0,441;1,36E-05;10;0,162;-7,174;1;0,0457;127,975;4;0,157;0
No_Autorization;571md1FedFYFaYUMUktYaF;ЮМОРИСТ - Original Motion Picture Soundtrack;FACE;0,058;0,842;143377;0,7;7,54E-06;9;0,48;-7,567;1;0,294;153,969;4;0,846;0
No_Autorization;4udR3zU64Khb0rov81QT9a;В жизни так бывает;Mnogotochie;0,16;0,694;267293;0,768;1,03E-06;4;0,181;-6,011;0;0,0432;97,969;4;0,534;0
No_Autorization;7FuvJwX4VDPE0bAIq9tfbP;Ламбада;T-Fest;0,0262;0,782;198125;0,532;0;2;0,138;-7,187;1;0,2;95,999;4;0,185;0
No_Autorization;0IRiz2sGHDwx0g20xsnPw4;Переплетено;Oxxxymiron;0,435;0,643;291152;0,764;0;11;0,289;-5,686;0;0,401;101,25;4;0,433;0
No_Autorization;2m3PVx1gsVB5upxi94IW8I;Жить в кайф;Max Korzh;0,011;0,762;174344;0,822;0;0;0,0858;-3,346;1;0,137;127,054;4;0,565;0
No_Autorization;6GoRYFOMWoBNOKLwvuMdC3;B.I.D;Markul;0,702;0,699;192891;0,671;0;7;0,125;-7,213;0;0,244;140,879;4;0,386;0
No_Autorization;1P9oRiZJWnxe2pZmYUZ5eC;Это любовь;Skryptonite;0,325;0,358;279250;0,416;0,356;0;0,173;-10,972;0;0,0596;139,945;3;0,128;0
No_Autorization;5NlUfFPL2z3RWAXy8NcRs8;Gimme The Loot;Big Baby Tape;0,00965;0,712;140458;0,757;0,1;1;0,419;-4,984;0;0,114;163,028;4;0,657;0
No_Autorization;3aVNCtmLR9BSgFALSySejF;Cadillac;MORGENSHTERN;0,0117;0,957;177609;0,743;0,257;2;0,0994;-3,931;1;0,0611;105,022;4;0,673;0
No_Autorization;77z8kq849BIkL26TAuk8O4;Легко ли быть молодым;Centr;0,631;0,622;242000;0,87;0;1;0,316;-5,107;0;0,256;89,914;4;0,72;0
No_Autorization;1dUEQvJkvXOafS4xfSjo1L;Холодно;SLIMUS;0,54;0,747;189507;0,601;0,000982;1;0,115;-5,401;1;0,0698;90,016;4;0,575;0
No_Autorization;40kgSLACl18IwXNgPkaZsN;На работу (feat. Смоки Мо);Triagrutrika;0,259;0,68;264613;0,387;1,43E-05;11;0,121;-15,188;0;0,367;164,967;4;0,707;0
No_Autorization;5EhUWvS01AgP6lhWjcAv48;Город под подошвой;Oxxxymiron;0,00335;0,559;246500;0,947;0;10;0,117;-2,101;0;0,278;89,742;4;0,2;0
No_Autorization;731azcuseaP89eXAxavXSQ;No Pasaran!!!;AK-47;0,0751;0,55;254559;0,507;0;7;0,441;-5,82;1;0,328;83,106;4;0,645;0
No_Autorization;7f6ALwMTMLAhXCfoHYLCsx;Горы по колено;Max Korzh;0,182;0,736;239910;0,485;0,000186;8;0,0988;-6,763;0;0,195;141,964;4;0,603;0
No_Autorization;4D3Vkw3OS5CD6lYQWQMUpK;Ice Baby;GUF;0,373;0,715;252173;0,53;0;4;0,521;-10,885;0;0,494;85,91;4;0,751;0
No_Autorization;5c34Erg81E6MgjM7jtRTqu;Письмо;Detsl aka Le Truk;0,0692;0,622;265173;0,798;0;9;0,268;-7,286;1;0,21;163,761;4;0,838;0
No_Autorization;4avzONavIh2ht8a0CvowaV;Как ты захочешь;Рыночные Отношения;0,0884;0,443;194313;0,84;0;1;0,215;-4,502;1;0,418;159,922;4;0,743;0
No_Autorization;2OHtlG0qUAHhy9YLfDEo0K;Yung Hefner;MORGENSHTERN;0,000698;0,969;135701;0,65;0,000187;10;0,0947;-5,679;0;0,0988;106,972;4;0,245;0
No_Autorization;2kxq1hU7lKp9Gg5wPsSyeX;Всё как у людей;Noize MC;0,0638;0,462;256552;0,859;0;11;0,211;-5,18;0;0,305;79,822;4;0,633;0
No_Autorization;3dzwxkefk58p6aXC3ADRt9;Дико, например;PHARAOH;0,114;0,891;168000;0,624;0,00711;6;0,104;-6,636;1;0,0789;90,073;4;0,084;0
No_Autorization;4sME7APryjdX1yuOam4e6h;Дубак;Anacondaz;0,074;0,726;174827;0,694;0,000371;4;0,169;-5,849;0;0,0706;145,036;4;0,867;0
No_Autorization;2qFbvcFsaL7Fgk7o2X4Drf;Гостиница Космос;Mnogoznaal;0,242;0,635;141031;0,911;0,00325;1;0,694;-4,682;1;0,11;149,93;4;0,382;0
No_Autorization;2mm8e7fDLB5wqsEZqmZaK0;Original Ба;GUF;0,509;0,548;241000;0,626;0;8;0,361;-5,159;1;0,367;81,419;4;0,818;0
No_Autorization;07ZbFpUwK7n5ZTBRvNJ3TN;Выдыхай;Noize MC;0,273;0,36;188093;0,917;0;4;0,639;-4,911;0;0,332;76,118;3;0,302;0
No_Autorization;0Yna9Ib1G5d3GtPUuiWFrR;Грабли;Noize MC;0,0908;0,528;277500;0,545;0,00249;1;0,205;-8,676;0;0,0452;127,898;4;0,0514;0
No_Autorization;5KM5zZ8jGzEqGwC1XNr9i6;Устрой дестрой;Noize MC;0,0686;0,722;239507;0,711;0;11;0,407;-4,119;0;0,082;130,052;4;0,746;0
No_Autorization;2YDVBoe0b9oauYlcoKOmNk;Вселенная бесконечна?;Noize MC;0,0107;0,545;260560;0,901;0,00293;0;0,274;-2,996;1;0,0933;116,783;4;0,465;0
No_Autorization;3qTH9HthMcETQOBk83VlcV;Жвачка;Noize MC;0,00572;0,628;183960;0,839;0,00045;4;0,11;-5,881;1;0,0441;127,048;4;0,485;0
No_Autorization;4wfurYo0toYwxVHZUw6oBw;чайлдфри;Noize MC;0,00912;0,675;243692;0,939;0;4;0,2;-4,685;0;0,0475;130,028;4;0,826;0
No_Autorization;6ZTshk28HhgUCp8L5AdXRp;В темноте;Noize MC;0,38;0,744;206766;0,643;0;6;0,116;-8,527;0;0,186;130,053;4;0,638;0
No_Autorization;2LjZMbPkcsAUFWtzMrFIa9;Иордан;Noize MC;0,00284;0,63;221741;0,98;0;5;0,319;-4,161;0;0,0924;119,979;4;0,502;0
No_Autorization;2hgBxXskEa5Xr1ICG4kiSM;26.04;Noize MC;0,142;0,622;230040;0,835;0;7;0,0834;-5,064;1;0,122;162,947;4;0,601;0
No_Autorization;0zVglWcR3QWtYW999ZKfVv;Вояджер-1;Noize MC;0,132;0,63;214556;0,729;0;2;0,399;-7,95;0;0,06;125,004;4;0,481;0
No_Autorization;1MmKpOCDT8tXCor0W6LQOt;Моё море;Noize MC;0,634;0,771;146640;0,665;0;9;0,11;-6,267;0;0,0424;95,013;4;0,479;0
No_Autorization;3At9CuVW91bBZs9KBhbYfD;Детка, послушай;Noize MC;0,19;0,733;218807;0,786;0;9;0,317;-5,821;0;0,138;150,029;4;0,686;0
No_Autorization;2fMIBeTBikPLti0scnqKhK;Миокард;Noize MC;0,429;0,728;182800;0,872;0;7;0,141;-5,409;1;0,139;130,076;4;0,687;0
No_Autorization;2kxq1hU7lKp9Gg5wPsSyeX;Всё как у людей;Noize MC;0,0638;0,462;256552;0,859;0;11;0,211;-5,18;0;0,305;79,822;4;0,633;0
No_Autorization;3EHrysZazaub4pkXPwCpyO;Это был дождь;Noize MC;0,0145;0,627;262827;0,86;0;11;0,377;-6,411;0;0,048;104,952;4;0,547;0
No_Autorization;3iciEL6zR3Jha5uO5GXBdw;Похуисты;Noize MC;0,106;0,641;278760;0,828;0;7;0,0682;-3,951;1;0,228;86,943;4;0,951;0
No_Autorization;4ZHqFMhguHEyjHIJmVkhnj;Выход в город;Noize MC;0,211;0,539;188760;0,844;0;4;0,142;-5,966;0;0,13;99,938;4;0,33;0
No_Autorization;462OqENawfjDw4RhhhKo3z;Chasing the Horizon;Noize MC;0,0663;0,672;198667;0,892;0;7;0,0867;-4,697;1;0,0383;135,047;4;0,728;0
No_Autorization;59QWrn0mnpcvZ94OsStVMv;Джеймесон;Noize MC;0,0324;0,711;231997;0,748;0;6;0,152;-5,185;0;0,0273;107,072;4;0,592;0
No_Autorization;2QV1DjTBy79iciYQ7jOSYo;Пусть они умрут;Anacondaz;0,0225;0,769;385653;0,737;0,0163;1;0,399;-6,047;1;0,121;129,987;4;0,543;0
No_Autorization;0uC9eTpynCuifaOwTJ1ldk;Опыт отсутствия;Noize MC;0,000962;0,654;194467;0,808;4,86E-05;2;0,0868;-5,038;0;0,0322;119,984;4;0,541;0
No_Autorization;0hnlv80712GvQcisTpvDD3;Сгораю;Noize MC;0,0546;0,513;235133;0,823;0;2;0,472;-4,4;1;0,0776;87,123;4;0,441;0
No_Autorization;0sx3QV0NyQSb5flkOHCLh4;Питерские крыши;Noize MC;0,511;0,655;214588;0,577;0;11;0,107;-8,049;0;0,211;84,878;4;0,308;0
No_Autorization;4bLnsngR3lkEDCouRYhn0B;Yes Future!;Noize MC;0,112;0,696;189173;0,944;0;6;0,167;-3,068;0;0,244;129,987;4;0,749;0
No_Autorization;0nloVbv05D0ropGeAuyniN;Песня предателя;Noize MC;0,593;0,722;237027;0,743;0;6;0,197;-4,209;0;0,0604;119,942;4;0,843;0
No_Autorization;1esPULrKT0NjJfzUT9ltA1;Говорящие головы;Noize MC;0,0428;0,375;263347;0,92;0;2;0,212;-3,568;1;0,124;185,825;4;0,529;0
No_Autorization;4HKwJbDN7HbTfBfZnogYYS;Из окна;Noize MC;0,604;0,668;243840;0,854;0;0;0,142;-4,13;1;0,359;179,873;4;0,739;0
No_Autorization;4UH4AZrZaGgpRqpoBIV0ND;Бассейн;Noize MC;0,185;0,365;216720;0,958;0;6;0,147;-2,453;0;0,216;93,208;4;0,864;0
No_Autorization;2SBscauTr8ZKXdnzRmfj5q;Бизнесмен, что продал мир;Noize MC;0,0847;0,738;232467;0,564;0,00067;7;0,111;-8,175;0;0,0278;118,003;4;0,473;0
No_Autorization;5w0CuOpLeCwuGaIi91DSJz;Make Some Noize;Noize MC;0,0443;0,413;213287;0,801;0;9;0,151;-5,522;0;0,35;93,916;4;0,471;0
No_Autorization;2TxV8a86SRwzCoUJy1b8ts;Давай приколемся;Noize MC;0,243;0,659;209093;0,817;0;1;0,194;-6,486;1;0,302;96,986;4;0,893;0
No_Autorization;7H8K50EUUo2u27DU8Svouk;Ругань из-за стены;Noize MC;0,0712;0,465;224587;0,775;0;7;0,0926;-5,114;1;0,103;126,514;5;0,541;0
No_Autorization;2pOzBkRKaGexVmdtT5E5Tu;Почитай старших;Noize MC;0,168;0,705;201800;0,847;0;1;0,0885;-5,236;1;0,274;150,125;4;0,476;0
No_Autorization;1XiHTb1sy51xQzRGH3ZD12;Любимый цвет;Noize MC;0,545;0,725;151277;0,292;0;0;0,159;-12,163;1;0,136;81,518;4;0,802;0
No_Autorization;2H2OduO9baIOcnPrWeslsY;Голос & струны (Орфей);Noize MC;0,32;0,763;183000;0,853;0;0;0,221;-5,656;1;0,375;100,507;4;0,557;0
No_Autorization;6ovkz5i4MhePEAyZSXRlK7;На Марсе классно;Noize MC;0,364;0,631;254000;0,71;6,93E-05;2;0,364;-6,766;1;0,183;90,89;4;0,416;0
No_Autorization;6nlbDtjitH7sQYxA3C1wM3;Эгоизм;Noize MC;0,542;0,588;164667;0,858;0;7;0,102;-3,671;1;0,309;175,471;4;0,871;0
No_Autorization;7IOdmUqTwNiiRLrbm8rCvK;Капитал;Noize MC;0,121;0,746;155707;0,89;0;9;0,442;-4,472;0;0,28;124,985;4;0,942;0
No_Autorization;5A64Bt7kMxeZQEDDgRQwVk;Палево!;Noize MC;0,0514;0,785;196187;0,953;0;0;0,113;-3,247;1;0,111;117,015;4;0,732;0
No_Autorization;2n6Me0lFpr8PD6YIfp02at;Певец и актриса;Noize MC;0,166;0,718;263547;0,679;0,00028;8;0,0935;-5,831;1;0,237;85,284;4;0,737;0
No_Autorization;1rNnp0KFe74DHgb0EL5Wmf;Коррозия Хип-Хопа;Noize MC;0,411;0,712;240000;0,868;0;2;0,317;-5,764;1;0,233;135,952;4;0,628;0
No_Autorization;022ov53vFtXkt6dQaCEWlC;Последний министр - из "Последний министр";Noize MC;0,0259;0,685;231678;0,602;0;11;0,069;-6,989;0;0,0509;106,781;4;0,698;0
No_Autorization;2dA3kEdf7ROYCOvBhNFZIF;+ - 0;Noize MC;0,332;0,605;175080;0,869;0;8;0,161;-4,606;1;0,357;174,349;4;0,677;0
No_Autorization;4LDcYFp7P17hQ7kEeTYw9k;Вот и всё. Ну и что?;Noize MC;0,191;0,837;177613;0,871;0;11;0,258;-4,507;0;0,178;111,063;4;0,746;0
No_Autorization;6AeffKnf30KZydWvfK7MrW;Сохрани мою речь - Из к/ф "Сохрани мою речь навсегда";Noize MC;0,64;0,527;249547;0,848;0;1;0,408;-4,532;0;0,2;92,761;4;0,699;0
No_Autorization;0hKLLEThrMltADYQg2jSbR;Песня для радио;Noize MC;0,277;0,739;173120;0,813;0;9;0,102;-3,794;0;0,306;105,033;4;0,672;0
No_Autorization;26B5cXUTNM4KqSzpInPVCk;Нету паспорта;Noize MC;0,0455;0,687;239480;0,952;0;7;0,486;-3,915;1;0,245;100,032;4;0,618;0
No_Autorization;5bq4pLgpz5xW5NJD0Fdg4U;Давай сбежим;Noize MC;0,22;0,764;231200;0,781;0;2;0,392;-6,071;1;0,155;149,913;4;0,608;0
No_Autorization;0ckl0fq3Za3xYOmLrjaPZk;Люди с автоматами;Swanky Tunes;0,0756;0,482;193491;0,922;0;7;0,681;-4,104;1;0,254;120,057;4;0,76;0
No_Autorization;6OLOPGVQcrFeTAct9PNPBk;За закрытой дверью;Noize MC;0,481;0,67;214053;0,852;0;2;0,127;-3,956;1;0,294;94,587;4;0,966;0
No_Autorization;3KGyzyAIUPP6wLXc7NhtrH;Хоп-механика;Oxxxymiron;0,0708;0,622;138048;0,869;0;5;0,0936;-5,376;0;0,433;91,193;4;0,238;0
No_Autorization;3lE8RY6yZoGqqJeZS06u6J;Где нас нет;Oxxxymiron;0,0764;0,55;265909;0,958;0;5;0,305;-2,691;1;0,48;176,03;4;0,279;0
No_Autorization;5EhUWvS01AgP6lhWjcAv48;Город под подошвой;Oxxxymiron;0,00335;0,559;246500;0,947;0;10;0,117;-2,101;0;0,278;89,742;4;0,2;0
No_Autorization;5IEPzc47SMqni178gRd0dt;Мох;Oxxxymiron;0,0296;0,886;126020;0,727;0;9;0,339;-5,667;1;0,183;137,96;4;0,6;0
No_Autorization;0zBQznV5QeLsqPz5sgU2hq;Мы все умрем;Oxxxymiron;0,0319;0,706;166160;0,526;0;8;0,0742;-5,326;1;0,179;188,095;4;0,507;0
No_Autorization;0Rw4D9wutsFF7oMSStiiLb;КТО УБИЛ МАРКА?;Oxxxymiron;0,104;0,615;567001;0,67;0;6;0,195;-5,796;0;0,387;87,595;4;0,299;0
No_Autorization;0IRiz2sGHDwx0g20xsnPw4;Переплетено;Oxxxymiron;0,435;0,643;291152;0,764;0;11;0,289;-5,686;0;0,401;101,25;4;0,433;0
No_Autorization;4DJNY0uEuywTgtw3E2jMdp;ОРГАНИЗАЦИЯ;Oxxxymiron;0,209;0,862;201384;0,682;0;5;0,147;-7,286;0;0,287;109,986;4;0,669;0
No_Autorization;4XeBNnnoABfqa6x8dK27b8;Красота и Уродство;Oxxxymiron;0,233;0,695;159053;0,71;0;0;0,092;-5,916;1;0,344;90,806;4;0,423;0
No_Autorization;0y6n0I5slbfYakDBBGffyE;Тентакли;Oxxxymiron;0,0618;0,773;221000;0,758;0;1;0,0818;-5,204;0;0,35;87,927;4;0,442;0
No_Autorization;2n2oTPbvmXIY6GGFeTYG6L;Полигон;Oxxxymiron;0,511;0,802;220352;0,745;0;1;0,661;-4,058;1;0,293;88,007;4;0,467;0
No_Autorization;663kes2mCxMDehEpXBtC9x;Колесо;Oxxxymiron;0,0801;0,872;143845;0,858;0;8;0,178;-5,779;1;0,221;115,044;4;0,417;0
No_Autorization;41FPhr343g9HharSTofnzp;Агент;Oxxxymiron;0,00616;0,738;214702;0,741;0;5;0,436;-4,558;0;0,265;80,427;4;0,499;0
No_Autorization;6RBKPllSiDLF8u6mn9NJzx;Неваляшка;Oxxxymiron;0,169;0,435;257000;0,87;0;1;0,221;-6,789;1;0,47;137,34;4;0,269;0
No_Autorization;2y791mn3WOnTjRYeODixkk;Башня из слоновой кости;Oxxxymiron;0,219;0,536;204606;0,817;0;11;0,622;-5,148;1;0,369;87,391;1;0,304;0
No_Autorization;3oYMlSrPxXcCdrSxb1MZjA;Лондонград;Oxxxymiron;0,06;0,766;208557;0,915;0;0;0,0678;-4,733;1;0,218;119,979;4;0,615;0
No_Autorization;310xojrAtukHAvN1BpAKlL;Нон-фикшн;Oxxxymiron;0,0298;0,649;215163;0,866;0;1;0,317;-4,732;1;0,315;90,038;4;0,79;0
No_Autorization;4oYU9SMXWCe6cBkCgzlLYU;Признаки жизни;Oxxxymiron;0,0487;0,398;281797;0,944;0;11;0,505;-4,371;1;0,343;147,992;4;0,641;0
No_Autorization;5ekgmSORPGzQa4perxwYmQ;Девочка Пиздец;Oxxxymiron;0,00222;0,534;163528;0,884;0;8;0,0659;-6,05;1;0,148;130,077;4;0,346;0
No_Autorization;6heHgVgFclP45j1LX5vmtd;Fata Morgana;Markul;0,274;0,72;183094;0,635;0;2;0,135;-6,349;1;0,0714;96,993;4;0,132;0
No_Autorization;6TNi1i0fZ8U4uo7qp2lLEO;Грязь;Oxxxymiron;0,13;0,609;212243;0,788;0;8;0,246;-4,853;1;0,353;85,539;4;0,679;0
No_Autorization;3IULpYrTrkUCwVL7GKpmiG;Песенка Гремлина;Oxxxymiron;0,058;0,656;203500;0,834;0;4;0,619;-3,686;0;0,377;86,7;4;0,529;0
No_Autorization;5zAil5YxCXhU1cwyqq1Wjp;Пора возвращаться домой;Bi-2;0,0222;0,541;288927;0,929;0;11;0,144;-4,903;0;0,339;160,065;4;0,374;0
No_Autorization;7LNiY3G2xHVER1cNqQFxjN;Восточный Мордор;Oxxxymiron;0,21;0,56;169000;0,933;0;0;0,211;-3,714;1;0,549;133,038;4;0,249;0
No_Autorization;4SUpPTdkAOoklM62WgkZCg;KONSTRUKT;PORCHY;0,115;0,845;481951;0,819;0;8;0,176;-4,83;1;0,143;122,961;4;0,537;0
No_Autorization;3zpcgoZOwtvgoGpc3nxd24;Больше Бена;Oxxxymiron;0,0415;0,635;136000;0,805;0;3;0,0606;-6,161;0;0,372;88,763;4;0,886;0
No_Autorization;0fPgzaKfkQa224ivo4Bnyg;Слово мэра;Oxxxymiron;0,0901;0,833;240697;0,771;0;11;0,241;-4,361;0;0,245;144,171;4;0,479;0
No_Autorization;1ww7IQXVqsPLyH9wSeIyUm;CCTV;Oxxxymiron;0,229;0,769;137000;0,843;0;1;0,0825;-4,825;1;0,458;93,944;4;0,552;0
No_Autorization;7eDfh04wqTO5zdbScjufkE;Reality;Oxxxymiron;0,0218;0,792;91147;0,798;0;7;0,556;-4,38;0;0,26;85,919;4;0,627;0
No_Autorization;6GpBTQAfml8FdvagRO9MmU;До зимы;Oxxxymiron;0,194;0,595;149954;0,85;0;8;0,206;-4,076;1;0,298;75,818;4;0,273;0
No_Autorization;7qCVgOCMrIGgNY0IgFcoYQ;ЦУНАМИ;Oxxxymiron;0,085;0,588;164523;0,892;0;11;0,216;-3,905;1;0,0587;82,995;4;0,711;0
No_Autorization;0DMvkwP18O9F54jdYd8SYN;Спонтанное самовозгорание;Oxxxymiron;0,297;0,675;152880;0,899;0;5;0,0943;-4,043;1;0,362;86,032;4;0,734;0
No_Autorization;1iZD7ddyjKfCADn1DfEKJD;Пора возвращаться домой;Oxxxymiron;0,0108;0,533;87066;0,945;0;11;0,328;-4,511;0;0,335;160,021;4;0,675;0
No_Autorization;74T30dwCStqM0EEd09sBAs;Не от мира сего;Oxxxymiron;0,0991;0,707;193492;0,91;0;5;0,379;-6,198;0;0,344;168,3;1;0,867;0
No_Autorization;6r00Vaz3UgaK76ptu9S7vs;Мне скучно жить;LSP;0,0338;0,674;231899;0,646;0;11;0,0983;-5,528;0;0,0697;130,009;4;0,247;0
No_Autorization;2cbH3z5noG1WjTDnJtC88Q;В говне;Oxxxymiron;0,274;0,598;150107;0,907;0;2;0,0523;-1,889;1;0,345;98,304;4;0,839;0
No_Autorization;3YN1gwyGAbIT7mHWBxQrvm;Athens;Oxxxymiron;0,0375;0,922;62110;0,929;0;1;0,12;-4,212;1;0,079;130,056;4;0,746;0
No_Autorization;72SGv2pwe1imejZsW4lezy;Крокодиловы слезы;Oxxxymiron;0,147;0,594;161000;0,933;0;11;0,0649;-1,832;0;0,304;81,945;4;0,846;0
No_Autorization;4QWXRbz3cDgfHUHNrwqeoq;Твоему новому парню;Anacondaz;0,223;0,674;234000;0,664;0;0;0,225;-6,084;1;0,0565;145,005;4;0,578;0
No_Autorization;26ndggQsCA87zuQwzpgyQE;Мама, я люблю;Anacondaz;0,138;0,739;225080;0,88;1,55E-06;2;0,632;-6,731;1;0,0751;92,99;4;0,581;0
No_Autorization;2QV1DjTBy79iciYQ7jOSYo;Пусть они умрут;Anacondaz;0,0225;0,769;385653;0,737;0,0163;1;0,399;-6,047;1;0,121;129,987;4;0,543;0
No_Autorization;3povncH8EAwtFs3Wb3k0xH;Уходи;Anacondaz;0,0108;0,579;209893;0,887;1,19E-05;5;0,302;-6,035;1;0,144;174,166;4;0,776;0
No_Autorization;4sME7APryjdX1yuOam4e6h;Дубак;Anacondaz;0,074;0,726;174827;0,694;0,000371;4;0,169;-5,849;0;0,0706;145,036;4;0,867;0
No_Autorization;6VXhnWRQUx4Vq5s4R9Y8WX;Самый счастливый человек на земле;Tarakany!;0,00401;0,467;269693;0,949;0;6;0,194;-3,3;0;0,149;171,898;4;0,755;0
No_Autorization;30637s2hFYcRBJXcKv6K0r;Ангел;Anacondaz;0,0401;0,688;188360;0,9;0;7;0,168;-3,793;1;0,226;93,028;4;0,562;0
No_Autorization;5w3FvOhh69VaW1vYCDw3b1;Беляши;Anacondaz;0,408;0,774;173053;0,467;0;7;0,0715;-9,269;1;0,397;87,235;4;0,851;0
No_Autorization;2wC1R4FJjMQHZ2n8nozxjQ;Ни капли не больно;Anacondaz;0,0681;0,623;242600;0,797;9,15E-05;9;0,108;-4,277;1;0,0436;153,07;4;0,794;0
No_Autorization;1AW7ZIcR56pMxOUEMhZCXA;Метафизика;Anacondaz;0,0115;0,624;263587;0,88;7,39E-06;5;0,0906;-4,186;1;0,0601;129,958;4;0,745;0
No_Autorization;0fzRGDj4BuKDogSynIWs60;Ненавижу;Anacondaz;0,251;0,762;214987;0,564;0;2;0,108;-5,783;1;0,314;80,98;4;0,732;0
No_Autorization;4czYkXOughF7EOqjl7C7yJ;CDMM;Anacondaz;0,165;0,822;189013;0,772;0;11;0,0882;-5,824;0;0,0744;109,991;4;0,925;0
No_Autorization;7vxNqj2QfVC6ndzHnhjlp4;Смертельное оружие;Anacondaz;0,0495;0,661;248867;0,766;0;7;0,136;-6,572;1;0,124;92,972;4;0,801;0
No_Autorization;4xZjH6Kg2aUo6cu08lLHOJ;Серым;Anacondaz;0,00337;0,519;230133;0,962;7,54E-05;11;0,0418;-4,687;0;0,133;74,98;4;0,512;0
No_Autorization;2EitmC8zK2FTbhK1cUpBrO;Спаси, но не сохраняй;Anacondaz;0,00899;0,648;187213;0,952;0;11;0,0462;-3,943;1;0,0628;120,055;4;0,697;0
No_Autorization;2NjLqwONhvUGjSHQjXbemG;Все хорошо;Anacondaz;0,0438;0,716;268893;0,846;0,000312;4;0,142;-4,909;0;0,0603;110,026;4;0,639;0
No_Autorization;1n3G2UgwZTAjAGpH9XUrtR;Нахуй тебя и твоих друзей;Anacondaz;0,0283;0,655;202653;0,722;0,000141;8;0,328;-6,715;1;0,0416;111,99;4;0,634;0
No_Autorization;0GBsjPNRpTkLRcgmY19cx6;Передавай привет;Anacondaz;0,053;0,545;282640;0,76;0,0214;10;0,239;-6,645;1;0,0337;164,056;4;0,47;0
No_Autorization;4fGIp5EvPn2FiGNBqjnqao;Смотри на меня;Anacondaz;0,00569;0,568;206147;0,885;0;9;0,164;-5,325;1;0,0747;96,106;4;0,461;0
No_Autorization;4oh1Ix7zkre79seJH84bRz;Мне мне мне;Anacondaz;0,116;0,815;233484;0,57;0;9;0,133;-10,4;0;0,188;103,911;4;0,552;0
No_Autorization;4u48r4khvNZM4Tsj6Hccq9;Воспоминания о тебе;Anacondaz;0,0372;0,751;250507;0,685;0,00169;0;0,389;-6,303;1;0,0701;170,019;4;0,863;0
No_Autorization;54dfCEWnsWtL50eJXshMAM;Когда-нибудь;Anacondaz;0,0354;0,564;249250;0,938;0,000959;2;0,313;-6,27;1;0,0576;77,016;4;0,693;0
No_Autorization;09rvibXxJtJlKctqZTXVEU;Поезда;Anacondaz;0,0434;0,695;198173;0,707;0;0;0,0903;-5,525;1;0,155;170,062;4;0,74;0
No_Autorization;476KXbcPksJaraUGbmOFQ2;Бесит;Anacondaz;0,213;0,717;151875;0,868;0;6;0,231;-7,862;1;0,453;192,088;4;0,963;0
No_Autorization;49A7U684l69gjnD4Icqx3i;Лузер;Anacondaz;0,0316;0,898;220480;0,675;0,000121;11;0,0759;-6,613;0;0,201;92,021;4;0,787;0
No_Autorization;5Gp4aW5bYVyhEoITAxS7ls;Девочка-деньги;Anacondaz;0,145;0,672;272107;0,87;1,46E-06;6;0,29;-4,926;0;0,0513;140,043;4;0,874;0
No_Autorization;6iWcqj1UxKWiQItXmtxTSW;Рокстар;Anacondaz;0,0898;0,773;197507;0,704;0;0;0,284;-5,918;0;0,165;75,001;4;0,596;0
No_Autorization;2Ja8tnhGNdOleclV5jBxJU;Семь миллиардов;Anacondaz;0,144;0,682;229922;0,609;0;4;0,352;-4,968;1;0,348;79,433;4;0,782;0
No_Autorization;1X7muXReT5y8AQao74GlQP;Радуга;Anacondaz;0,0719;0,756;207400;0,76;0;0;0,264;-7,102;0;0,209;92,978;4;0,912;0
No_Autorization;3yxo4s3y913ePu0nSUVdT5;Бойня номер шесть;Anacondaz;0,0772;0,435;236107;0,914;0,000525;5;0,121;-4,396;1;0,429;75,271;4;0,472;0
No_Autorization;7MgTg2PhiOzchKtpWlyhoK;Поколение;Anacondaz;0,263;0,69;208694;0,553;0;0;0,0788;-9,488;0;0,163;91,99;4;0,749;0
No_Autorization;2AWKoEgUtdf21LBM2aXG4g;Акуле плевать;Anacondaz;0,0322;0,917;254959;0,594;4,25E-05;2;0,126;-5,881;1;0,0817;117,022;4;0,9;0
No_Autorization;799TjtkNphYzYFd1Oz9ESd;Рассвет мертвецов;Anacondaz;0,000403;0,743;151573;0,566;2,76E-06;1;0,392;-8,42;1;0,107;99,008;4;0,762;0
No_Autorization;7G41GV0zcpkbozb3bHb7P1;Иди за второй;Anacondaz;0,0071;0,595;229253;0,774;3,89E-06;11;0,0943;-4,324;0;0,217;164,893;4;0,215;0
No_Autorization;5Ce0k8B3AFcKAUmLPpECEU;Каберне;Anacondaz;0,0571;0,57;209653;0,72;0,000359;2;0,198;-5,986;1;0,343;160,08;4;0,579;0
No_Autorization;1hczg4Pxg336ep4NhRnje3;Автономный генератор жизни;Anacondaz;0,439;0,778;175097;0,64;0;0;0,111;-4,931;1;0,195;96,029;4;0,915;0
No_Autorization;42dWNVGVwcB6qjB9ugnazH;Не моё;Anacondaz;0,0241;0,708;194116;0,578;4,97E-06;8;0,133;-8,557;1;0,0467;86,995;4;0,407;0
No_Autorization;5oneFAifYlCd1UJVaL9T2Z;Круглый год;Anacondaz;0,249;0,788;217080;0,541;3,28E-05;11;0,117;-7,833;0;0,092;88,968;4;0,756;0
No_Autorization;3iciEL6zR3Jha5uO5GXBdw;Похуисты;Noize MC;0,106;0,641;278760;0,828;0;7;0,0682;-3,951;1;0,228;86,943;4;0,951;0
No_Autorization;4iHsDCfjmr6Ipv02Ck95ww;Член;Anacondaz;0,187;0,772;199643;0,611;0;10;0,178;-4,091;0;0,306;86,115;4;0,901;0
No_Autorization;38L7thD9eN7DlmMzMzW1qG;Средний палец;Anacondaz;0,0111;0,747;272519;0,723;0,000702;10;0,181;-10,139;0;0,0834;128,01;4;0,265;0
No_Autorization;1DWBUiTLMa5lKDSMmOrWcT;Дома посижу;Anacondaz;0,205;0,844;194776;0,573;0;5;0,0867;-10,812;0;0,278;89,977;4;0,945;0
No_Autorization;2roj2DuQCliHFYz3MuOnbA;Привет, Г.;Anacondaz;0,202;0,765;259310;0,64;0,000217;4;0,111;-7,93;0;0,275;174,095;4;0,886;0
No_Autorization;6k089eHfHgL3gUD9Is035F;Против системы;Anacondaz;0,287;0,474;221713;0,743;0;2;0,243;-5,825;1;0,178;87,844;4;0,89;0
No_Autorization;7pA8eVkbpRrlXWpRFK9QDx;Синий кит;Anacondaz;0,671;0,843;192667;0,739;0;0;0,141;-5,252;0;0,228;91,918;4;0,472;0
No_Autorization;2LYmvKi5aRa0qWUHtz6jqP;Полный;Anacondaz;0,151;0,792;154053;0,557;0;0;0,251;-7,492;1;0,17;90,122;4;0,922;0
